ID,sessions,drives,total_sessions,n_days_after_onboarding,total_navigations_fav1,total_navigations_fav2,driven_km_drives,duration_minutes_drives,activity_days,driving_days,device
77,63,50,133.1041552,783,201,0,2649.015822,1517.20997,19,13,iPhone
80,116,93,436.0601833,1584,283,62,4183.409514,3121.889952,18,15,iPhone
98,78,64,583.4927887,3414,0,0,1811.140893,642.1891216,12,11,Android
111,106,102,113.3790556,2228,14,0,2817.48184,2011.724274,17,13,Android
142,32,26,222.12931,208,55,10,2459.816477,874.4276172,11,7,iPhone
162,3,3,17.25022014,3203,22,0,11819.36633,3351.019594,3,0,iPhone
176,283,226,529.5339436,1110,6,0,3028.6013,2489.697005,17,11,iPhone
199,27,23,196.8396051,2800,156,0,11579.5651,3373.482562,23,18,iPhone
266,70,58,137.1512793,3264,45,0,1305.946778,996.394443,21,18,Android
283,170,137,354.2976621,869,18,25,3914.401147,2500.266993,3,2,Android
288,199,159,248.5608538,2959,127,0,5285.296516,1383.3253,29,20,Android
301,73,60,268.3285197,164,12,97,1811.870085,922.1091853,28,26,iPhone
309,95,81,140.0939743,58,151,79,5847.252244,2656.0579,30,28,iPhone
313,207,175,351.947218,422,119,17,2090.096785,779.048037,5,5,Android
330,121,97,203.6034511,405,16,0,1572.853676,1213.968373,0,0,iPhone
333,87,70,253.1402342,2461,230,0,3654.784978,788.4801164,12,12,iPhone
446,33,30,43.43324697,1240,0,0,1608.596461,474.6238715,23,19,Android
454,2,2,46.74188643,1680,51,0,6822.713755,4850.783454,5,5,iPhone
485,0,0,90.74746615,579,229,0,1363.20614,66.58849334,15,11,iPhone
495,7,6,62.10185332,202,57,148,5245.29866,3699.588202,6,6,Android
574,116,96,124.9672438,952,34,0,4626.352023,3398.917717,2,0,iPhone
592,38,31,206.5578046,1852,214,0,4290.384463,2669.316885,20,16,iPhone
658,6,6,200.8546865,692,0,0,1813.484596,1131.874772,27,24,iPhone
677,16,16,237.7061548,1598,0,0,4376.21809,3154.184912,7,7,iPhone
690,4,4,64.27106133,3375,389,77,2383.058247,1693.76294,5,5,Android
712,86,71,261.8245093,106,56,0,2161.212317,930.2563884,9,6,Android
718,400,321,497.1180536,1884,0,0,4344.17395,512.1110058,19,17,iPhone
747,268,215,302.2818373,1185,108,0,3015.101378,2137.981982,27,21,iPhone
753,18,14,347.1359835,1728,171,0,2323.325762,1028.004191,16,16,iPhone
773,140,125,345.0648904,3458,0,9,4189.778737,1192.007707,8,4,Android
780,20,16,41.73059916,2845,47,0,1245.857868,482.9914435,15,13,iPhone
814,30,26,287.5648197,1545,13,12,8706.508909,6499.916219,6,1,iPhone
833,48,45,63.40983918,1646,83,0,435.9880365,362.2823563,13,9,Android
866,77,75,91.86242574,88,2,0,3875.454263,1506.39788,1,1,iPhone
874,12,11,17.17880646,633,0,0,1007.982844,615.9832754,21,21,iPhone
913,97,79,103.7890211,2372,18,33,4875.183886,2688.81259,13,6,Android
928,3,2,13.32364279,230,0,19,2704.934379,318.1731053,3,0,iPhone
929,350,281,1076.879741,3128,245,102,1623.891915,960.978154,14,7,iPhone
933,63,63,204.7677601,1872,8,29,3898.650193,708.619004,14,6,iPhone
936,3,3,145.9316688,1435,0,17,3112.445252,1659.03451,30,26,Android
945,39,32,40.22703776,2364,110,15,5720.64286,1116.091201,5,5,Android
1010,41,41,106.8090825,1509,0,0,4751.001252,2569.584302,22,20,iPhone
1030,16,15,64.50610209,1754,157,37,6298.8297,4744.27775,27,21,iPhone
1052,1,1,5.582648005,1175,604,17,813.2290361,648.1673896,21,16,iPhone
1055,38,38,165.0641073,2787,431,0,7695.277648,973.1862946,24,17,Android
1060,103,83,142.6603757,190,143,37,4248.872375,1418.688573,15,13,Android
1085,73,59,102.4704768,706,59,0,1354.753799,859.444852,4,1,iPhone
1099,30,30,177.9537553,884,22,35,4344.796711,2747.831339,5,5,iPhone
1122,32,26,77.14918662,2077,49,0,4139.32106,2713.19265,23,21,Android
1138,107,90,195.279464,1789,153,0,4256.532635,2439.737458,7,7,iPhone
1161,189,152,244.5214445,2214,0,158,2546.284232,424.3221903,7,5,Android
1169,1,1,198.4042064,1417,101,13,1694.77159,1038.880062,5,4,iPhone
1200,48,39,218.437549,1831,105,47,5370.810424,1662.032954,10,6,iPhone
1249,162,130,317.6683044,620,80,34,5256.090976,1383.498368,30,26,iPhone
1269,26,26,32.31470478,446,0,0,5571.712455,4034.728184,8,3,iPhone
1271,14,11,88.88364073,900,295,1,9333.008415,1811.498949,0,0,iPhone
1288,28,25,327.7666422,1007,2,4,3559.641199,1214.661207,13,11,iPhone
1307,14,14,100.7807151,678,310,19,7780.191176,1753.747622,12,8,iPhone
1339,56,56,261.5027903,2140,668,115,7654.453207,1871.940784,17,17,Android
1343,137,110,304.910702,1832,0,0,5124.228772,2268.265609,11,8,Android
1349,517,414,740.1698656,1176,0,68,2639.340773,1581.83103,28,25,Android
1455,14,12,33.78760298,747,254,12,1474.598899,398.6355889,0,0,iPhone
1462,42,42,249.4601817,1201,110,4,3740.046853,820.4749476,21,18,iPhone
1472,241,194,290.3846876,1583,78,6,4865.101025,533.1137706,28,21,iPhone
1527,120,96,173.962179,497,0,6,2486.505598,1220.972697,19,12,iPhone
1539,39,32,205.954839,2681,17,0,3087.877646,1072.326109,9,9,Android
1559,1,1,252.687181,2482,223,74,5593.851511,3217.007276,8,2,iPhone
1580,139,112,148.5841833,705,7,0,5885.816266,1958.169672,6,6,iPhone
1587,76,76,100.6519742,3162,75,20,1620.176483,778.8929741,1,0,Android
1612,27,22,169.355916,3292,138,34,2814.643851,999.8169807,14,10,iPhone
1656,159,127,218.9629279,2231,394,0,2986.568135,1804.897284,3,0,iPhone
1668,62,50,297.3622448,2454,0,22,1513.714719,979.3300006,29,26,iPhone
1713,67,64,474.1736007,1012,118,207,4908.032251,2526.424897,13,8,iPhone
1722,112,90,244.0424379,1913,279,0,3472.93964,2619.485484,1,1,iPhone
1726,22,22,177.33932,521,45,0,9028.18533,2893.661274,19,13,iPhone
1738,21,19,307.8644169,104,0,0,5306.690596,2250.503174,12,12,Android
1779,40,34,94.2966596,57,2,94,3939.39864,1833.7084,25,22,iPhone
1789,14,14,278.8069912,3184,600,191,5278.781921,3086.06945,12,8,iPhone
1838,111,89,332.4704313,998,133,0,869.7766053,287.194087,23,17,iPhone
1839,204,165,238.3158902,1541,84,71,2362.111022,1770.300988,30,27,Android
1860,128,104,246.5946167,1495,8,0,3523.035202,432.7954141,16,14,iPhone
1887,210,186,435.2830862,3452,102,0,5345.177165,3119.21177,14,8,iPhone
1904,318,263,351.5700348,1843,0,91,4881.84251,2734.384605,15,15,iPhone
1905,50,42,403.3960176,2507,0,0,6615.258014,2655.672984,13,13,Android
1922,1,1,21.24541684,931,0,0,1735.361265,712.8194963,3,3,iPhone
1925,23,20,62.09258621,1664,0,157,2342.176986,838.4478653,29,22,iPhone
1927,2,2,291.110848,2447,36,0,5530.880206,3269.303177,27,25,Android
1936,157,135,361.6551604,691,219,12,3683.174504,1316.795734,24,19,iPhone
1976,138,124,303.9517432,237,0,0,1795.734611,1031.254286,20,15,iPhone
1984,117,95,141.2041027,1655,466,0,5838.079569,1589.857486,17,12,Android
1994,26,21,99.55171043,75,22,36,4697.341232,3225.489696,5,5,iPhone
1996,6,5,198.5826502,2420,69,8,3595.903884,1138.375149,22,15,iPhone
2006,78,78,447.103964,59,0,48,1223.072939,269.9456255,13,7,Android
2020,127,103,180.2618417,1539,127,0,4953.043815,1348.881298,21,18,iPhone
2030,45,36,286.3809665,81,449,0,1567.711621,332.3102759,16,11,iPhone
2032,242,194,322.440751,1617,0,41,14566.18817,9109.214416,6,6,Android
2089,82,66,260.8168293,909,0,0,6471.708353,4880.549137,11,7,Android
2120,21,17,47.60926448,45,0,104,10833.44402,3087.310752,25,20,iPhone
2160,208,171,208.6115709,456,95,65,1185.951844,544.8567027,13,8,iPhone
2199,3,3,35.67367925,569,172,78,8146.662183,2340.994383,29,23,iPhone
2216,281,225,281.5510256,577,0,0,3146.724192,1793.352918,8,4,iPhone
2270,32,31,52.4421445,1032,169,0,1540.38676,704.6763633,25,21,iPhone
2276,15,13,204.6464629,2407,0,7,860.6411474,355.2650901,19,17,Android
2291,116,93,354.2024859,2431,0,0,4014.624164,3130.116152,23,17,Android
2297,31,28,46.26757762,720,57,11,1814.34033,496.852086,24,16,Android
2302,74,61,163.5460197,1280,6,4,1907.738995,570.6194626,5,5,iPhone
2322,47,47,49.91938428,754,164,0,5471.787721,1843.187397,6,1,iPhone
2326,33,26,32.76309273,2242,101,0,8831.34851,4937.932876,31,29,Android
2331,79,79,115.0163514,1724,0,0,1897.656125,517.2296936,21,12,iPhone
2339,10,10,181.0292172,1599,87,37,3364.816169,1098.35571,9,6,Android
2346,14,11,63.50932709,1715,0,0,10383.77954,2478.854882,6,2,Android
2379,55,55,86.5933043,1522,18,3,4358.71998,2867.60265,15,9,iPhone
2389,88,72,104.1916675,3235,171,72,4317.202519,2642.458248,20,13,Android
2395,63,50,438.6968412,2946,62,4,3574.8769,795.5233405,1,1,Android
2407,49,41,179.9140435,3279,0,0,6580.141593,5227.95812,24,23,Android
2420,81,66,96.57407955,3105,0,0,1611.125727,1092.149662,14,10,iPhone
2474,205,205,234.7428612,2940,72,0,416.2856448,160.100575,12,12,Android
2488,6,6,33.81141354,2421,173,115,6239.137794,2996.833075,24,21,Android
2491,60,60,110.333092,1663,414,0,3218.423388,1771.305511,22,21,iPhone
2510,231,188,363.3019091,1291,206,29,1318.157466,425.53378,23,16,Android
2513,71,57,91.31747629,3344,0,114,3165.432215,1366.69289,19,13,Android
2515,145,122,193.1757177,2854,579,22,4862.770597,540.642724,24,18,iPhone
2543,97,78,318.7917926,1092,14,0,3494.195862,1492.811362,14,14,iPhone
2555,1,1,37.39206525,2334,109,40,2930.562438,1862.326919,12,8,iPhone
2574,78,63,319.5944809,3315,82,54,1703.898847,701.5640707,1,0,iPhone
2578,172,138,415.970877,1435,86,47,4754.179358,3685.020934,28,20,Android
2615,41,34,156.7827943,2094,144,0,1272.980471,673.7945234,7,7,Android
2622,128,102,149.403216,2514,57,0,3811.875362,2710.156785,12,12,Android
2637,42,42,279.841849,3433,278,28,1549.67326,1052.727575,26,24,iPhone
2655,267,213,275.1312905,2128,84,97,3039.814271,1284.333144,26,18,Android
2667,34,27,60.48633543,1957,0,30,4178.976647,2138.544673,15,15,Android
2683,85,68,400.3743128,1010,291,0,2026.544835,1655.471703,15,13,iPhone
2689,83,67,159.2662911,1908,0,286,3919.477115,2434.076764,14,11,Android
2701,38,32,54.46341069,380,523,27,4577.579284,1995.861012,19,18,Android
2705,36,29,263.6583315,131,0,11,1662.318615,894.839203,27,18,Android
2714,293,236,298.2336665,1644,0,133,3357.535223,1427.510421,27,19,Android
2720,131,105,435.9465801,3120,15,27,2714.177471,1825.474604,3,3,Android
2790,32,32,106.4153311,1938,0,0,5582.297056,2281.211613,8,4,Android
2846,315,252,324.4111494,2227,0,46,4923.270716,728.2078691,1,1,Android
2847,67,54,151.728995,3138,110,0,4702.32098,2864.767836,21,13,iPhone
2887,29,23,183.9536754,2276,25,37,2423.243108,1840.656963,28,21,Android
2910,273,273,293.6786324,3069,134,104,3434.700103,353.4351817,6,6,iPhone
2926,62,50,240.8251514,3191,108,11,1887.539343,1570.901755,12,12,Android
2928,17,14,41.24012091,2037,9,352,1188.624314,352.0246218,7,7,iPhone
2935,85,78,609.4244042,1426,352,1,6458.634944,3381.33209,31,22,iPhone
2982,45,36,182.4767346,2166,25,69,3492.35914,2242.188776,24,14,Android
3117,0,0,437.6215599,1063,38,0,5597.490052,2185.378001,9,4,Android
3120,268,215,483.0381418,1965,139,68,11156.02293,7117.086634,12,11,iPhone
3121,109,87,170.6155192,3322,32,42,652.2882557,410.8484402,14,13,iPhone
3173,177,142,212.1970559,1961,896,24,2003.339975,1234.82616,18,14,iPhone
3174,2,2,120.230248,1722,26,25,9064.235031,7282.872781,18,18,iPhone
3201,33,33,443.1990324,1679,0,0,2319.598467,1756.516077,7,7,iPhone
3224,22,18,23.30644185,2081,227,63,941.9727834,269.8217417,23,16,Android
3234,268,215,298.0394849,3298,432,99,4512.660534,3203.405462,30,27,iPhone
3307,7,7,36.95002442,314,58,30,5196.278168,1959.031091,25,24,iPhone
3385,36,30,57.86993432,1974,6,32,744.117489,520.2398085,7,6,iPhone
3391,147,119,784.3309671,2319,89,0,3247.31117,1851.528057,7,2,iPhone
3428,64,53,86.95517333,2703,0,0,8852.416454,6301.584585,5,2,iPhone
3438,40,32,48.19575876,3215,1,27,2607.972224,1824.301913,10,5,Android
3442,58,47,100.4676855,2465,100,0,1580.441769,1243.310624,3,0,iPhone
3446,55,44,195.0754278,1239,33,24,8599.176581,343.2644218,1,1,iPhone
3453,77,62,179.700892,2659,68,13,7895.271911,1537.464257,2,0,iPhone
3454,44,44,232.8319903,819,207,0,1673.128294,1111.585474,31,28,iPhone
3478,102,82,201.6758188,802,109,160,2267.518453,266.3672331,29,21,iPhone
3507,22,18,35.39552762,2400,0,31,2910.829231,1084.188447,30,24,iPhone
3526,69,56,77.97750937,852,0,0,2887.436091,2042.259989,6,6,iPhone
3543,125,100,343.6769895,1774,17,0,7688.572828,199.8899987,7,7,Android
3559,53,53,103.348757,3447,0,12,2404.736194,324.3349582,11,5,iPhone
3611,83,83,129.1925179,2309,76,12,1672.942152,590.6963789,19,14,iPhone
3646,29,26,40.53827672,2488,27,0,4031.971327,1827.484678,22,22,iPhone
3661,65,53,203.4998367,1918,136,11,6145.665498,3558.299616,22,17,Android
3664,5,5,170.1245275,692,0,64,2059.212135,1359.044467,4,4,Android
3674,51,41,225.5784449,930,191,69,2441.987446,1685.462604,22,19,Android
3700,49,42,156.2908447,1114,3,67,6012.892931,3404.258902,30,26,iPhone
3710,0,0,150.1324693,2655,733,0,2841.814183,725.8736722,26,17,iPhone
3756,27,22,109.6126408,1478,129,8,4350.27364,2354.143952,24,15,iPhone
3777,73,58,219.6539356,3319,0,0,1637.252623,1225.824505,26,21,Android
3829,150,121,193.0450166,1620,25,0,6385.832396,4612.152335,10,10,iPhone
3850,191,153,214.0869231,1528,26,0,3334.385511,1615.612622,9,3,iPhone
3880,15,12,119.425408,681,6,49,14238.66237,2207.066233,26,22,Android
3885,48,43,240.0447655,3243,327,37,2205.571684,728.640631,20,14,iPhone
3890,94,76,112.055473,3162,0,31,3109.834792,2291.724633,22,19,iPhone
3899,152,123,183.5035818,1511,261,6,835.2863531,505.9850043,10,5,iPhone
3913,19,16,32.15240522,1083,20,158,3109.298814,1967.460685,13,12,iPhone
3941,368,297,447.7229306,2464,56,71,1936.464013,1335.635134,7,5,Android
3946,27,22,103.2706607,1985,112,20,6112.055908,4356.708902,7,3,iPhone
3970,70,58,79.72857134,197,118,0,3312.720659,2222.538793,12,12,Android
3978,102,83,221.0560961,2023,155,0,8002.913856,6244.707182,10,4,Android
4004,246,197,422.7220068,328,0,9,4474.988925,2692.106452,23,13,iPhone
4054,61,49,242.0626372,1004,105,1,991.4979548,669.9816758,26,16,iPhone
4104,4,4,233.0846821,2598,27,0,1553.254624,667.4180885,31,30,iPhone
4118,180,145,210.7320726,1712,495,185,502.5621807,188.2759051,3,3,iPhone
4132,62,50,90.20318303,453,46,49,2272.999432,732.4684898,15,7,Android
4146,78,64,415.315661,3123,238,16,2206.376739,1359.760314,14,14,iPhone
4184,70,70,188.5238148,3076,170,13,8860.631224,2157.064944,7,7,iPhone
4191,46,46,196.3321802,3385,0,55,4877.444822,2100.964088,2,2,Android
4204,89,72,302.9481845,2594,370,106,2764.202876,998.74121,4,3,iPhone
4215,5,4,248.3196721,982,0,102,7366.595398,2832.031605,24,18,Android
4220,13,12,194.5627711,799,20,0,5333.321391,3422.635228,28,21,Android
4264,266,213,304.5254153,2420,106,0,2152.91477,377.8917376,15,10,Android
4266,32,26,34.4502227,1101,15,115,4650.263612,1740.548963,9,9,iPhone
4272,45,42,116.59561,2800,27,21,6525.880844,2655.483218,27,24,iPhone
4287,83,66,122.9037366,27,467,112,3329.573372,1352.46821,20,20,Android
4289,34,27,80.26840542,1968,257,0,5098.080559,3091.354328,30,21,Android
4298,21,17,169.2669569,2673,664,0,1623.022572,1062.222251,24,20,iPhone
4303,44,36,315.8132923,2335,7,37,3063.77287,1036.692405,15,12,iPhone
4320,4,4,229.0003319,2198,0,123,5766.56835,4699.438474,9,6,Android
4323,133,108,133.9551812,913,61,0,3600.628919,921.0972686,1,0,iPhone
4345,31,31,92.50602263,404,11,0,290.1198107,207.9359041,15,9,iPhone
4390,117,117,159.4868011,102,227,0,2307.256906,829.4285868,25,24,Android
4402,269,216,516.5795791,3194,134,8,6496.21933,1788.859512,20,16,iPhone
4456,261,219,364.1623924,2220,295,7,2509.941923,1844.830059,22,22,Android
4475,179,144,298.8800984,1551,98,0,1897.661073,1056.478839,17,10,iPhone
4476,23,23,70.59579038,2819,268,0,2829.790983,1112.156489,11,11,iPhone
4485,141,127,159.5013243,2622,0,1,2033.573965,1064.791998,27,21,Android
4490,74,63,124.0698634,256,42,0,3930.272963,1832.456098,1,0,Android
4509,3,2,68.71160979,2293,30,35,8352.017017,3102.075351,21,19,iPhone
4510,8,8,302.7309926,2918,6,0,905.5382179,679.3653277,25,15,Android
4537,145,116,162.2462474,690,0,25,2926.370109,947.88787,23,14,Android
4554,73,59,262.8001165,1111,0,13,11376.11933,7460.23197,31,29,Android
4559,2,2,55.76705599,1603,111,70,1336.683056,829.085152,13,11,iPhone
4627,132,121,226.6433815,1405,195,0,5638.7958,3626.806795,27,20,iPhone
4634,39,32,160.4906527,17,376,0,3099.648408,190.4410705,4,4,iPhone
4644,22,18,22.9393407,1626,321,46,4193.873133,2305.624472,15,10,iPhone
4658,113,92,591.2326406,3219,182,39,321.4220668,153.0782388,4,3,iPhone
4669,59,59,139.0126131,2404,161,109,1607.531013,892.0532863,11,10,iPhone
4670,91,73,362.4017166,1937,57,0,4492.889863,589.1070912,12,6,iPhone
4688,72,59,87.12604125,2376,95,10,5704.828439,4011.79251,30,25,iPhone
4713,103,86,195.0737453,1267,0,3,1724.924985,1177.206793,26,21,Android
4746,86,86,137.132412,1438,136,113,2245.160802,1517.928029,24,16,iPhone
4766,102,95,302.6861171,1049,63,15,3718.623085,863.5007079,20,18,iPhone
4771,80,68,143.4136547,2030,0,142,6568.854009,2638.729394,20,20,Android
4774,49,48,73.90765748,988,116,20,1664.645863,1152.402413,28,26,iPhone
4830,134,118,179.3487378,627,157,3,2553.869898,891.8789566,11,11,iPhone
4845,98,80,184.4393439,1502,89,55,8042.075756,3182.339477,8,8,iPhone
4854,40,34,99.19942348,276,50,28,1433.093218,510.8863657,14,11,iPhone
4888,75,61,82.49967765,3013,0,63,1239.368577,578.9832886,19,14,Android
4967,63,63,98.22369294,2934,4,0,2466.089207,1092.393215,14,6,Android
4989,0,0,157.8022569,1468,5,27,3804.908114,2337.844397,9,9,iPhone
4992,255,209,292.0554587,1916,112,0,8635.716016,1169.008338,21,12,iPhone
5040,155,124,256.4216565,3257,134,0,7832.282267,1595.211684,15,12,iPhone
5080,79,79,223.6721275,2459,529,46,4766.362447,2507.406168,9,6,iPhone
5117,5,5,43.94692472,1772,110,12,4355.428971,1618.912063,9,4,iPhone
5175,113,90,199.2103799,1781,277,16,2096.016837,685.2398097,22,19,iPhone
5219,44,37,49.87196484,3169,34,24,4012.107288,2380.48922,8,4,Android
5232,74,74,193.3521667,2789,0,33,2831.314946,1551.806232,9,8,Android
5249,104,96,282.929718,3497,45,26,1286.427222,808.2754148,10,4,iPhone
5256,25,25,176.2752626,946,0,20,3474.871515,2482.201249,26,21,Android
5258,25,25,28.26502299,3223,112,25,4775.678525,1335.885261,9,8,iPhone
5265,18,14,52.87786903,2372,0,0,4198.418183,2515.705333,0,0,iPhone
5285,39,35,83.24899788,341,497,0,4843.034494,911.7145246,31,24,iPhone
5295,46,46,50.06269617,1719,706,0,3176.053543,2214.229555,30,26,Android
5303,2,2,185.575042,1886,93,210,5665.334741,3158.949195,11,8,iPhone
5309,40,32,138.0865916,2774,3,23,12961.44177,5537.18034,1,0,iPhone
5314,22,18,53.39816236,3462,30,0,3074.483887,1664.672637,25,21,iPhone
5318,193,155,294.7619124,2532,48,0,5802.68101,3234.957132,25,20,iPhone
5329,121,97,277.4747086,3200,415,0,597.8355036,71.0735878,7,3,iPhone
5349,42,35,59.677826,2482,0,22,5695.13438,3210.040968,23,14,iPhone
5352,13,13,60.07148874,2066,117,0,5647.550089,1198.7219,9,9,Android
5353,90,74,382.9559355,1304,15,0,5572.821423,3798.32342,6,1,iPhone
5392,81,68,147.5566256,3446,0,73,3188.494358,698.8547893,21,21,iPhone
5408,157,126,270.4951532,365,212,60,7371.792493,1246.998741,15,13,iPhone
5430,59,48,144.2429767,71,284,25,3262.546857,2682.282859,18,11,iPhone
5476,5,5,756.5132763,1984,298,0,4884.905463,3233.051487,22,16,iPhone
5479,377,303,385.4599687,1906,0,71,3924.304431,2605.289111,5,4,Android
5481,23,18,46.75970786,540,270,18,2660.418827,1976.601223,16,14,iPhone
5525,136,109,351.8302568,1064,0,31,2219.885447,1746.205993,4,1,iPhone
5532,8,8,75.97387295,2779,153,11,5816.110912,3260.21479,31,24,iPhone
5551,62,62,127.9183509,3458,65,0,3019.95489,107.5486427,6,3,iPhone
5587,27,22,127.6416292,2111,0,0,5682.136355,2194.084752,1,0,Android
5596,4,4,141.7318359,1539,149,2,6095.977334,1710.29116,3,0,iPhone
5611,53,42,57.62231511,360,0,57,2968.072946,690.3290174,21,21,iPhone
5614,33,27,176.7437124,3052,0,254,2539.119555,275.2953054,20,16,iPhone
5645,154,124,480.9606191,2126,0,0,1946.413329,1029.363626,18,18,Android
5663,162,162,213.7570793,836,37,89,5197.716787,3722.679018,30,26,iPhone
5673,50,47,134.0656753,590,0,0,3283.432135,843.4635018,23,13,Android
5704,20,20,139.8731464,493,0,0,4057.724392,276.3275135,5,5,Android
5718,30,24,51.36320946,577,89,0,1264.09343,360.8958061,22,19,iPhone
5723,27,21,104.6504892,921,87,29,4013.364369,2374.697408,23,16,iPhone
5749,3,3,212.2888588,2633,818,12,2137.816041,1217.922217,15,10,iPhone
5752,22,22,38.07740839,117,88,50,3930.217506,2734.683261,16,10,Android
5757,31,31,207.1553501,2767,0,0,4981.834096,2605.830887,13,11,iPhone
5776,35,35,176.3732303,3179,171,17,2036.802598,1592.326064,11,7,Android
5780,49,40,179.7169993,2571,0,14,7846.043662,5192.684181,14,9,iPhone
5782,280,224,415.9324945,227,0,0,2708.662988,1538.17145,1,0,Android
5801,117,94,242.3792796,3455,132,116,3314.623576,1732.072844,11,11,iPhone
5831,39,36,72.94676228,1312,72,0,7907.326889,6367.309385,11,11,iPhone
5842,1,1,71.63535845,1591,0,0,8334.950248,3138.939096,7,7,Android
5851,107,90,328.3226542,1400,30,88,7950.94787,3019.94081,15,15,iPhone
5880,16,16,150.733023,2333,0,0,8089.987984,1950.168653,23,18,Android
5896,5,5,185.7656173,2182,188,0,10183.81244,7399.325618,10,8,iPhone
5904,106,85,169.6728885,1289,123,65,4516.262165,2369.190571,26,22,Android
5910,102,82,121.5997557,3056,168,0,3771.436417,640.7301504,5,5,Android
5917,17,17,211.6024766,869,259,68,9558.464886,2745.507793,20,12,iPhone
5921,160,128,183.7455263,1141,0,31,4713.710968,3037.118157,29,20,iPhone
5922,116,94,381.5290315,3291,409,0,4865.272796,4041.568458,13,10,Android
5940,20,17,59.46141769,1696,0,56,3589.174736,2756.806473,21,18,Android
6005,62,62,97.16315967,2118,0,45,1357.255701,1007.955585,4,2,iPhone
6071,75,60,215.5019114,2252,205,38,675.6690805,411.1020556,5,5,iPhone
6113,11,11,26.68651301,781,4,43,3635.154105,1911.549622,17,10,iPhone
6117,17,17,182.2981788,2057,69,86,2217.491284,773.4231497,28,21,iPhone
6135,137,110,444.1335043,3294,265,0,11969.02071,894.1329465,18,13,iPhone
6150,46,38,90.7202921,1761,14,0,1631.612648,479.5471129,8,5,iPhone
6212,185,148,200.8369629,1394,111,10,8390.294265,2203.555145,26,18,iPhone
6218,97,78,208.3728773,1932,398,114,2404.049862,1006.293904,6,4,iPhone
6225,86,74,123.486604,1384,17,0,6367.871272,1966.85077,4,4,iPhone
6233,55,47,435.3209338,1043,60,52,2953.509273,739.8390454,26,21,iPhone
6249,41,41,271.6000324,2614,71,0,1920.712028,411.0605291,16,12,iPhone
6335,77,71,78.92890253,3084,633,14,4845.653451,1705.548826,10,5,Android
6368,67,56,80.98117789,2792,250,0,1100.890664,466.4587345,16,13,Android
6393,14,11,190.3519193,1228,79,0,3112.537369,229.3287031,29,28,iPhone
6432,24,24,216.3434248,2264,19,0,1509.884852,496.4908407,6,6,Android
6436,13,13,118.5608185,929,0,0,2901.011394,1181.296593,11,11,Android
6540,112,90,280.0554942,3203,324,6,2144.43219,1191.496352,29,19,Android
6543,104,84,369.3917387,429,147,0,2954.585032,1567.201107,26,26,iPhone
6555,7,7,55.16809785,1927,181,95,3984.063215,893.4995176,17,12,iPhone
6563,83,69,358.7283065,1194,0,0,11305.85528,1762.055382,25,23,iPhone
6577,96,80,583.5251699,30,231,35,2624.306101,1712.561316,18,12,iPhone
6587,58,47,170.0548198,1713,0,12,6535.353605,5076.711597,18,18,iPhone
6611,35,28,101.2775719,2049,171,77,2622.962809,71.52304609,24,16,Android
6643,5,5,124.2619563,940,14,0,2886.333161,496.4926272,2,2,Android
6654,25,25,94.32673942,3224,149,3,7558.795525,2705.246112,15,15,Android
6741,87,87,122.9126666,2342,116,0,1761.849988,1460.952374,31,30,Android
6769,16,13,50.5578742,3434,83,25,1258.796185,983.4473705,8,6,iPhone
6783,9,9,324.3139361,158,93,76,2920.763055,645.0067169,22,20,iPhone
6806,2,2,285.5140502,925,0,77,3600.068438,2644.094361,4,4,Android
6846,30,24,36.51477626,446,550,0,4935.272249,1497.959453,25,20,iPhone
6847,64,52,181.1581955,2657,0,5,4578.152237,3164.752225,1,1,Android
6862,86,74,89.06609782,760,0,0,3174.849894,456.0424212,25,21,iPhone
6869,4,4,34.06118168,2832,17,0,2917.03617,473.3471807,30,28,Android
6897,52,42,123.9256378,3084,197,0,6915.516723,1754.124093,1,0,iPhone
6900,89,89,95.2049851,271,4,0,3282.102636,1422.485232,8,8,iPhone
6918,2,2,92.25979593,3490,113,0,2809.952835,1006.300488,25,24,iPhone
6937,284,233,508.6703157,1305,42,92,8182.545648,6196.944663,20,14,iPhone
6964,7,6,338.5928114,3189,1096,0,1279.53317,301.0692258,2,2,iPhone
6980,30,29,109.9173104,109,0,0,2897.36067,2091.996161,16,8,iPhone
6995,113,91,243.1522285,1010,40,24,7074.543754,3063.942533,15,13,Android
7008,40,34,212.5054537,2452,8,0,4461.913421,906.9661554,19,19,iPhone
7015,229,222,317.6519603,222,24,35,5066.42899,1439.862141,18,12,Android
7032,108,95,141.7279787,1049,106,68,4870.896677,3476.513179,15,8,Android
7101,67,55,193.7906408,3414,733,24,3155.675807,2607.045497,15,13,Android
7153,87,73,863.3550726,109,28,65,8776.566142,5877.907267,23,23,iPhone
7161,11,10,189.4586849,2813,23,7,5558.747646,2061.003908,3,0,Android
7211,197,161,284.2817732,2628,46,0,1747.169087,926.4084637,5,4,iPhone
7273,29,23,93.33538248,422,162,0,5045.310369,2065.177514,2,2,Android
7320,38,35,66.23090359,479,34,76,802.4148175,587.1731134,21,15,iPhone
7348,63,54,124.8633353,1599,0,27,1998.999178,1109.446612,11,4,iPhone
7391,82,80,212.8380386,2075,0,23,1316.088623,559.7551362,24,17,iPhone
7413,284,228,420.5078058,759,27,84,2536.389534,1282.308365,18,11,iPhone
7419,300,240,345.8288219,2866,104,0,3667.44003,1687.272984,15,11,iPhone
7467,202,165,261.2851916,1302,184,124,4665.654551,1972.689465,22,16,Android
7470,32,25,159.2484867,435,41,113,3145.811607,2304.67762,4,4,iPhone
7471,126,103,255.3991284,1346,153,4,5555.181204,2424.302418,9,9,Android
7485,93,74,300.8299003,591,369,13,3199.047621,1363.413096,9,6,iPhone
7493,46,37,168.3466717,1615,46,14,1879.512588,705.6922216,30,23,iPhone
7507,48,43,151.1715332,1262,36,274,6420.501316,3806.881416,31,24,iPhone
7538,157,136,193.8840068,778,130,77,1615.641945,646.9154084,4,3,iPhone
7568,11,11,30.76168951,58,362,49,2223.122656,543.9679007,1,1,Android
7569,11,11,111.0027115,1611,210,0,3083.519095,575.5256768,6,4,Android
7590,21,20,433.0685661,2977,510,4,1758.377141,739.3488775,23,15,iPhone
7600,11,9,160.4500077,2103,1,0,2574.889888,1576.96583,5,5,iPhone
7601,84,68,300.2632304,2824,0,67,4278.670368,2681.789278,22,20,iPhone
7607,301,245,422.8565771,1667,277,0,4794.760748,1394.579345,26,17,iPhone
7614,27,22,86.82818158,1943,80,18,5033.691056,2077.82887,1,0,Android
7647,7,5,284.5643219,2150,50,0,4505.601819,1586.600383,13,8,iPhone
7670,10,10,37.75528245,1598,106,0,5185.909829,1040.311678,17,16,Android
7682,46,39,188.1299626,1343,331,23,3725.736172,2876.949552,26,21,iPhone
7693,43,35,67.79846167,977,40,100,2608.376549,2000.951256,10,10,iPhone
7699,160,159,183.6337036,2754,181,0,4062.130659,3116.9854,29,26,iPhone
7735,27,22,592.7276552,2124,104,19,1743.065662,1387.174328,16,15,Android
7770,108,88,322.7789288,1548,34,29,3605.791058,1404.931934,1,1,iPhone
7772,13,10,199.0814106,1543,55,5,3596.746707,1913.128341,9,6,iPhone
7774,143,114,327.3916058,1310,12,44,2028.825267,1405.944441,10,8,Android
7779,20,17,207.9469806,672,307,34,3697.227174,593.2320116,6,6,Android
7792,9,8,44.68769665,3083,166,25,5369.50457,2001.963371,4,4,iPhone
7807,44,36,89.98223958,225,12,0,5266.385303,3209.674157,18,16,iPhone
7839,70,58,97.95323088,2668,121,37,3595.959678,1983.721959,16,15,iPhone
7858,12,12,106.3029957,1511,292,0,740.8871132,488.2426331,28,26,iPhone
7896,29,24,89.79961014,1214,48,33,852.0778982,595.9832275,31,22,Android
7978,21,19,40.71206147,1242,18,44,2155.266876,1351.696047,26,25,iPhone
7993,36,36,741.4715587,2947,70,62,1670.663342,1089.388464,12,12,Android
8006,1,1,83.62308511,323,130,40,7146.635409,2980.240581,8,8,iPhone
8026,48,39,272.7580455,1029,49,1,8990.211093,1065.407503,27,25,Android
8047,32,32,55.86553999,2267,11,0,2138.547306,842.6564111,16,13,iPhone
8048,161,161,308.5790055,118,326,0,7721.711639,2488.441711,9,9,Android
8091,45,38,176.1400236,849,28,0,4727.242919,2902.333158,27,23,iPhone
8092,36,29,70.7588386,3270,0,0,6756.209101,5120.780069,14,6,iPhone
8105,23,18,65.57724712,1216,0,41,1913.485914,885.3190796,31,27,iPhone
8127,6,6,63.78096189,1355,400,18,519.2568599,178.5439675,10,9,Android
8135,1,1,305.2036836,909,250,127,8129.833292,5625.322262,30,25,iPhone
8146,11,11,167.4317571,443,0,221,1052.885267,558.2880016,4,4,iPhone
8149,249,200,293.5464344,1768,708,0,2819.685851,723.3363406,1,1,iPhone
8150,9,8,11.15438487,680,12,0,3473.986469,1705.733172,3,0,iPhone
8190,84,84,118.6715514,347,285,103,7046.93855,5617.625095,4,0,iPhone
8216,7,7,106.9465061,2084,0,0,1943.558886,1144.496332,18,12,iPhone
8251,19,16,375.3124462,1545,129,0,930.1535243,339.3261115,10,8,Android
8256,50,40,82.24217231,3369,262,0,7337.628302,3321.509869,17,9,iPhone
8257,2,2,43.50460047,1689,117,17,4882.123256,961.4367355,21,18,iPhone
8292,232,187,312.0322085,3299,21,23,6509.885846,1326.702745,23,15,Android
8305,35,35,63.44642149,3498,332,0,3566.77149,2267.599015,25,19,Android
8314,157,126,167.8971399,1478,53,50,5547.234014,2820.520953,27,17,iPhone
8327,9,8,720.1109325,617,126,0,2380.466155,1122.581982,14,12,iPhone
8336,56,47,113.8979893,3235,160,176,3724.704351,857.5993259,18,11,Android
8405,70,57,82.18308744,2673,0,38,2904.948813,1746.724959,18,15,iPhone
8421,55,47,586.1761243,525,0,0,1237.093686,373.1389254,29,24,Android
8425,8,8,62.08801833,3427,0,0,3208.997179,2381.736354,12,7,iPhone
8468,94,75,167.0891004,2361,45,134,3130.722195,2178.894853,2,0,Android
8473,4,3,31.67954737,1666,188,8,1874.336612,1415.757364,21,15,Android
8482,18,15,147.0473606,103,11,8,3664.265524,1780.063301,20,17,Android
8493,13,10,58.46985648,2905,236,0,6992.687856,2564.346614,23,19,iPhone
8515,6,6,178.0462304,1860,6,0,1620.510964,913.2747109,1,1,iPhone
8519,64,52,68.78974079,1598,236,0,6530.160813,2510.561101,15,11,iPhone
8545,230,198,356.4174037,498,30,0,2053.274301,354.8815721,26,17,iPhone
8549,34,29,182.7011853,837,83,18,1203.794207,789.3863437,25,17,iPhone
8552,5,5,353.0023528,177,0,33,2939.202679,712.0599894,7,2,Android
8584,22,18,52.59761413,2203,405,20,5225.973982,2811.76194,18,10,Android
8585,42,35,246.5884202,348,179,0,9711.369253,4144.282153,26,17,iPhone
8595,163,132,333.0947403,677,0,63,2444.887265,551.9160351,1,1,Android
8606,39,33,145.4043998,141,0,66,3403.093493,2051.79111,25,19,Android
8644,60,49,90.64409209,1863,111,112,4594.328767,1582.883955,22,22,iPhone
8660,113,98,494.7947655,1392,121,19,4896.790853,2379.877866,19,18,iPhone
8676,29,25,225.9192442,1678,266,172,3194.184874,2381.078303,14,14,Android
8693,181,145,210.4635056,17,155,179,2354.851183,1884.624491,8,6,iPhone
8700,323,258,434.2182752,1395,0,0,2735.27535,905.7432779,12,11,Android
8742,222,179,304.2437452,474,480,18,3837.898,1316.86147,23,17,Android
8775,67,54,133.8838816,1421,34,152,6287.463161,2005.835377,20,15,Android
8855,47,39,387.8486006,2435,29,0,4519.757396,2298.076055,11,7,iPhone
8859,7,7,67.78248992,2504,0,0,5926.175264,2417.016311,28,26,iPhone
8878,10,9,104.2566368,2793,207,7,2560.828702,1065.560858,31,25,iPhone
8891,46,42,115.85679,3407,215,11,3250.898353,1536.028818,8,8,iPhone
8897,153,123,210.6649339,2571,222,8,4742.700099,1379.279522,23,19,iPhone
8934,92,74,235.980265,2970,283,37,5793.896623,1192.71895,2,0,Android
8976,128,104,361.4154281,477,2,0,1713.92892,1125.821237,20,18,iPhone
8991,109,87,128.0507037,726,89,50,15135.39128,2838.630546,23,21,iPhone
9034,172,138,481.9392655,1364,106,43,1660.43914,1014.260067,11,5,iPhone
9059,131,108,140.0296277,965,18,43,1392.132705,982.5218547,6,6,iPhone
9085,133,106,440.0984687,1567,204,0,816.187102,585.6054342,24,22,Android
9104,13,11,265.8186578,2403,490,27,2203.286537,1122.719135,24,14,Android
9123,6,5,129.8372837,221,89,0,1456.107657,535.1106016,18,14,Android
9148,2,2,102.5274136,3299,3,196,1675.774119,755.3329602,25,17,iPhone
9279,13,13,170.9530523,1183,0,0,3673.96029,1297.116009,28,27,iPhone
9282,81,65,109.4180828,3321,0,9,6894.14719,850.1138835,28,23,iPhone
9286,420,337,507.5631487,3084,409,0,2159.67334,1371.314976,26,20,iPhone
9292,38,33,420.245106,1792,484,44,4414.206732,1918.906085,18,12,Android
9315,8,8,323.0725084,239,48,0,3990.693475,581.8885275,11,8,iPhone
9340,41,33,80.86809737,3248,47,25,5301.110161,1091.469592,21,19,iPhone
9344,33,27,177.7804962,2195,0,19,2463.104928,1106.668931,10,9,iPhone
9361,9,8,86.38607519,3374,274,38,859.958518,472.6545194,15,12,Android
9392,37,36,46.11664869,3438,0,0,3407.613338,2787.130676,13,6,iPhone
9394,236,207,326.3595111,469,0,15,1712.24318,1109.863683,28,21,Android
9402,179,147,184.8765027,282,0,0,2425.909582,1899.763841,20,20,Android
9434,95,82,188.6528473,217,168,0,2230.980401,1034.461003,21,18,iPhone
9451,14,12,128.5492108,1739,6,0,1078.531452,486.9756051,5,4,Android
9460,13,13,72.32835935,2734,52,0,3958.620376,786.9518355,10,10,iPhone
9483,7,6,175.8351392,1710,88,0,3895.179394,2354.563719,21,15,iPhone
9485,30,25,235.0972803,3343,108,13,5369.365393,2140.446894,5,1,iPhone
9515,28,23,53.39733926,274,139,30,8263.331238,3043.632792,15,9,Android
9519,5,4,31.29330607,686,20,0,2726.703499,1655.833256,3,3,Android
9536,315,252,431.7490702,393,290,41,490.9591956,180.5453219,4,1,iPhone
9539,87,87,184.2411556,1559,53,0,5924.088114,3972.329795,17,16,Android
9614,9,7,149.1716176,639,259,0,1222.221565,759.1269969,17,14,iPhone
9630,109,88,113.5724691,2836,0,12,3618.662564,2815.291848,13,13,iPhone
9702,76,74,126.2939684,2237,0,0,5820.339266,4644.952591,18,18,Android
9708,80,65,138.9925334,2334,62,67,11571.90436,8077.808852,4,4,Android
9737,132,106,295.4962415,1606,7,0,437.6988436,230.950987,30,25,Android
9752,16,13,329.7975211,1268,76,0,2863.345018,1395.904997,5,3,Android
9789,8,8,15.40795201,2253,74,13,11967.01979,1005.999428,22,17,iPhone
9796,8,7,212.766531,1419,70,0,6052.790645,4569.893871,4,0,Android
9807,133,111,203.2865832,700,47,0,2761.884782,234.6459442,31,29,Android
9811,67,55,82.1519601,1603,71,0,3564.767763,822.67493,10,7,iPhone
9849,175,141,307.0535152,3280,747,36,9987.482952,335.9240999,19,14,iPhone
9873,82,66,102.7885965,3383,222,93,1223.601023,904.8990741,14,14,iPhone
9901,19,15,160.0471338,1027,14,46,3531.686332,2428.317942,5,5,iPhone
9916,118,96,217.4601579,1125,643,3,1704.965209,429.7680881,8,3,iPhone
9919,19,16,119.4266291,1265,219,122,3886.974032,2683.667581,8,4,Android
9929,99,79,114.9618058,3111,0,0,799.048257,361.6764234,1,0,Android
9952,26,21,29.13607807,3278,107,37,4479.228945,3284.444988,5,5,iPhone
9963,22,18,125.0595594,910,358,41,2215.928033,804.6234764,13,13,iPhone
10003,13,11,179.2153113,1809,95,70,6409.808421,2785.859786,9,9,iPhone
10014,50,40,151.1131052,513,166,88,2204.882586,1758.996505,22,20,Android
10074,243,203,402.776276,2833,479,3,3041.774459,2439.262789,18,13,Android
10095,20,16,134.3269617,3408,107,0,4084.074607,1697.60215,15,8,iPhone
10099,210,168,265.9980673,868,88,9,2747.535814,1040.443354,2,2,Android
10143,27,21,227.8109286,907,0,83,5615.94657,1636.982505,11,11,iPhone
10149,15,12,34.70552586,2412,216,120,1603.509743,579.1155572,8,7,iPhone
10203,69,55,221.0990588,884,449,38,3258.894886,2215.31963,30,20,iPhone
10289,56,46,66.13487807,936,0,106,4140.628147,1556.225353,18,9,iPhone
10318,182,158,200.3033075,387,0,29,3593.166768,1031.228848,23,17,Android
10349,34,29,266.2378844,2577,15,0,8121.853233,1845.381693,28,26,iPhone
10377,250,201,261.0074559,125,92,9,4580.694949,2007.375355,14,9,Android
10393,174,144,260.6285701,1979,175,0,1983.394816,1442.072818,28,25,iPhone
10429,180,145,582.3698435,3249,11,33,677.6897789,382.2298612,21,20,Android
10441,67,57,128.5284994,626,73,0,6867.235251,4125.286853,10,6,iPhone
10467,36,29,111.9147532,676,99,61,4574.691292,3334.928242,25,16,iPhone
10469,228,184,449.9545063,2799,13,0,1366.322348,840.3996275,28,19,iPhone
10485,32,32,71.21021311,2340,106,136,2381.782298,734.917716,22,20,Android
10486,68,55,94.66421271,1015,13,135,1726.292793,708.9389532,5,5,iPhone
10489,119,96,198.7728139,3495,1,0,3030.210347,1001.46994,2,2,iPhone
10571,152,142,258.1689951,3235,84,3,2642.781572,318.9439687,13,13,iPhone
10583,69,69,76.45384912,1074,0,0,1765.739921,757.5550421,1,1,iPhone
10598,192,156,257.2219172,718,45,0,1421.797816,489.7321044,15,12,iPhone
10612,37,32,149.5101363,147,30,0,698.2382305,349.6565668,11,8,iPhone
10646,112,93,132.2538367,419,264,0,1843.610773,750.6521443,22,22,Android
10650,32,26,39.02241206,2456,113,0,3785.643487,689.4013548,22,15,iPhone
10652,11,11,62.4876463,3434,197,0,2000.340733,635.1231903,25,24,Android
10662,11,9,17.36221047,501,288,10,2272.248905,1059.87686,24,21,iPhone
10680,68,55,269.6545708,3010,0,0,1992.777959,1191.801997,21,17,iPhone
10717,60,48,413.6232126,1577,567,0,2985.914464,2289.751265,22,20,iPhone
10725,95,76,130.2548912,3484,40,0,12481.84975,9746.253023,1,0,iPhone
10751,71,58,241.1918846,975,53,0,5914.388434,4428.352959,4,4,Android
10762,15,15,34.99941533,720,98,43,2005.639867,623.8695877,24,24,Android
10793,117,95,366.9109909,312,9,50,2352.858618,1087.04592,12,12,iPhone
10819,218,175,408.7646006,1177,334,2,2966.851189,935.7832849,22,22,iPhone
10825,22,20,32.38543974,3315,0,0,3629.39618,2885.065245,20,14,iPhone
10834,127,104,185.8409224,1060,173,0,3705.796613,1383.938358,10,4,iPhone
10865,140,116,210.6969503,2073,300,38,3336.068006,652.4774434,28,19,Android
10875,19,15,41.20902171,3333,119,116,2678.280035,782.7880486,14,9,iPhone
10908,5,5,142.4525591,1849,68,0,3075.254651,439.2150383,5,3,iPhone
10909,52,42,220.7602638,3187,19,60,4732.998662,2458.883472,21,13,Android
10920,52,48,81.65290301,70,144,86,4424.653129,1589.734742,2,0,Android
10934,257,219,319.375152,975,27,32,1210.51025,632.3140088,11,4,iPhone
10957,28,24,73.15925126,1939,0,18,2744.154678,1075.109238,12,12,iPhone
10994,227,183,658.5630451,754,105,134,5552.426324,3621.914007,0,0,iPhone
10997,13,10,337.1769602,3185,49,0,2229.54206,1584.367848,18,12,iPhone
11003,155,143,189.5670357,1516,510,65,6301.88098,3111.194675,16,11,iPhone
11019,282,226,302.7963797,1297,114,18,9117.605645,6340.615704,24,19,Android
11067,170,137,319.2611904,881,674,23,3564.863314,734.4762607,6,5,iPhone
11104,99,86,225.4152123,482,4,104,1474.159229,793.3808373,13,10,iPhone
11113,9,7,26.5090847,2410,246,75,4931.469896,716.6643443,3,3,iPhone
11153,35,28,302.2510081,3106,166,38,1388.127847,470.6852896,11,10,Android
11173,124,105,284.8936505,2908,102,1,5272.639727,2883.806075,2,2,Android
11202,100,100,387.3080776,2744,0,0,4676.262629,2080.952449,24,17,iPhone
11210,4,4,87.05531569,1821,0,51,9718.639892,1532.1796,17,13,iPhone
11226,27,27,111.5538235,745,47,4,2516.245285,2035.425237,15,14,iPhone
11272,19,15,130.6950347,1850,148,203,6067.442489,1077.369942,23,22,iPhone
11349,64,51,127.8668002,134,385,4,11464.40879,7986.611403,29,19,iPhone
11408,69,69,119.4915406,661,64,12,3865.471522,880.5129661,21,15,Android
11414,73,59,91.9942238,2079,28,1,1819.238544,787.6809746,20,17,iPhone
11425,201,161,214.2101987,2716,83,51,1138.655846,688.7467069,28,23,iPhone
11440,162,129,255.5020665,1042,92,31,3303.461023,1781.061123,12,5,Android
11476,122,98,124.4085036,1201,0,0,6222.461195,1261.343134,13,13,Android
11494,14,11,141.4339339,1538,42,0,1516.927427,104.1054102,29,20,iPhone
11511,41,38,205.2225267,749,177,0,4781.264763,3631.268337,14,14,iPhone
11519,60,49,131.6830363,816,90,71,3308.772914,1751.688435,19,19,Android
11553,152,122,270.581646,894,162,47,7345.757258,5777.899051,8,8,iPhone
11557,135,135,295.5775426,485,193,0,6489.866366,2897.118878,6,6,iPhone
11559,111,89,131.0127956,1638,0,0,2659.982384,834.2733391,20,20,iPhone
11572,42,37,60.5097124,2649,88,34,1152.241305,778.2011949,10,10,iPhone
11588,230,184,424.693859,801,0,36,3007.026435,1600.902305,1,0,Android
11601,10,9,283.3299313,522,26,32,3239.59627,1038.621773,19,18,iPhone
11668,25,20,92.68654695,2118,0,54,2585.218137,576.8123706,19,14,iPhone
11669,110,89,122.0697461,112,56,43,1573.133836,1137.311045,6,3,iPhone
11684,7,7,51.94942809,1127,0,0,4279.983798,800.12238,2,2,iPhone
11688,44,35,81.87131169,601,124,63,4155.523142,2003.558721,6,6,iPhone
11704,25,21,321.1024694,1802,30,0,1167.791763,430.9717939,22,18,iPhone
11718,92,78,205.3547973,1784,327,17,8377.892175,6863.595854,18,17,Android
11734,52,52,121.715452,3129,423,3,7071.95695,3525.141621,16,11,iPhone
11751,34,29,377.9259305,737,80,32,2253.568346,1483.589121,30,25,iPhone
11771,148,119,148.8394695,1549,190,0,2460.322132,547.4746167,18,16,iPhone
11782,170,137,196.1180193,2343,0,68,2511.693969,1818.177419,0,0,Android
11786,265,218,317.1342553,2811,85,23,1333.675125,402.4034313,8,8,iPhone
11820,76,63,198.8711733,3302,0,6,6004.812873,536.6162721,3,0,iPhone
11822,138,121,183.7206279,2587,108,0,2809.844659,1047.947349,14,6,iPhone
11836,84,67,264.0071455,2429,121,9,6216.670916,3005.907845,30,27,iPhone
11925,117,95,158.2999808,2156,0,74,5053.88367,3237.547295,30,24,Android
11985,21,17,42.69790381,3274,37,6,2806.187535,1242.649518,17,16,Android
11995,34,28,53.60597736,1088,81,0,2375.518569,1159.340501,14,14,iPhone
12026,10,8,37.96352392,1158,44,3,2565.620527,1846.571595,18,16,iPhone
12061,34,28,81.46690099,1029,51,0,3282.314056,2354.878551,0,0,iPhone
12079,46,40,204.6624079,2207,0,214,3310.097781,1224.066378,24,19,Android
12106,8,7,57.93591291,850,0,5,950.2614816,695.4240376,13,11,Android
12151,18,15,198.4772946,1224,0,0,1709.070225,816.1236052,3,3,Android
12162,31,29,42.32546665,16,0,162,4951.869451,2652.592141,6,6,iPhone
12197,95,76,109.1927402,1219,101,20,2092.195256,1632.924189,6,2,iPhone
12206,59,47,231.2921898,2405,755,0,830.8807901,507.1088933,11,6,Android
12301,148,119,241.5501444,939,8,0,4109.723977,431.3581693,19,13,iPhone
12303,175,140,253.8680781,1553,109,0,1073.640267,639.4376324,10,9,iPhone
12337,90,76,206.1373622,2149,0,0,7142.385754,2527.571982,23,23,Android
12368,32,26,167.6180457,824,81,6,1698.587137,994.0717251,14,14,iPhone
12409,84,68,116.2200431,1841,76,51,4569.020556,1414.175193,5,5,Android
12420,189,152,198.7245785,2525,147,158,1792.367205,415.8954457,13,8,iPhone
12425,52,52,477.0496009,161,0,0,3980.384732,651.5658786,15,9,Android
12437,5,5,100.3013097,2141,0,18,1061.896132,316.6171216,29,23,Android
12443,29,24,111.3878146,2335,0,0,4739.781843,3407.114895,15,14,iPhone
12493,7,7,226.4227782,257,49,0,3369.939865,2456.609243,13,7,iPhone
12543,193,157,219.5473345,3328,0,0,3859.65702,1701.355546,20,11,Android
12564,46,37,100.2193053,1096,0,36,883.4893808,195.4379973,13,13,Android
12592,35,35,92.07273213,3013,13,20,3266.907604,1072.214451,17,17,Android
12608,140,113,151.9210167,3475,710,5,4074.032852,2785.370259,3,3,iPhone
12621,556,445,962.4015057,78,9,103,1914.626252,247.6951435,22,20,iPhone
12626,16,13,69.06665243,1174,0,47,7136.031109,3009.156487,16,9,iPhone
12639,93,76,473.9531325,306,83,17,1102.909663,423.9197991,17,15,Android
12662,12,12,231.7085181,408,235,29,3600.734145,359.1446836,27,20,iPhone
12668,123,99,205.1799899,3267,19,0,8404.634031,5056.662529,30,23,iPhone
12672,58,58,197.3419533,1031,6,0,9454.398408,1182.456764,18,14,iPhone
12677,35,35,53.08411837,2261,113,0,2058.437543,982.49677,5,5,iPhone
12688,35,28,61.7300453,1354,0,67,6705.683366,4599.186402,26,23,iPhone
12691,16,16,29.23313301,246,124,80,4058.929053,1001.978525,19,19,Android
12737,80,68,95.49229501,1274,0,0,6425.045522,2506.706165,3,3,iPhone
12760,170,136,225.2077474,2567,55,44,734.497898,479.3848073,9,9,iPhone
12776,114,91,310.9033734,3397,435,2,5901.099368,1252.078805,8,5,iPhone
12781,89,73,298.6636406,2258,0,14,5671.422272,1306.433878,0,0,iPhone
12797,119,95,120.1494733,2263,42,43,6392.767645,3725.556552,31,20,Android
12829,280,239,350.4418538,2763,0,47,1182.495908,763.323442,7,5,Android
12854,12,11,90.51692917,1097,0,0,3203.771431,582.884682,18,14,iPhone
12859,33,27,43.56741763,712,235,35,1798.145069,195.7191118,14,13,iPhone
12860,78,63,227.392503,767,180,0,2311.576275,599.3547131,19,12,Android
12869,46,46,134.4566962,383,27,0,3449.934293,240.6878111,1,1,iPhone
12888,27,27,50.26312205,2062,354,53,2906.485216,1091.069232,10,10,iPhone
12931,208,171,261.9767024,2860,203,0,6023.479506,4937.752052,24,20,iPhone
12982,81,70,213.316458,1213,290,15,3115.001536,741.7218537,27,21,iPhone
13009,298,241,330.5719982,112,110,115,5599.771419,2053.583294,4,4,iPhone
13012,56,45,168.3401809,947,368,103,1025.305971,637.1283205,4,4,Android
13041,76,63,203.7163478,2438,22,0,617.2648177,439.8300643,6,4,Android
13054,12,9,91.06847844,2908,319,22,2995.059613,2182.304758,0,0,iPhone
13082,14,12,17.0506623,2572,295,28,3756.247492,813.8768647,15,13,iPhone
13121,70,56,215.0771151,1287,179,0,1629.362613,1093.631188,10,7,iPhone
13193,20,20,90.71255467,1179,52,0,3486.043106,546.8173919,22,17,iPhone
13216,40,32,179.4725519,2725,38,35,6549.302982,1774.537307,3,3,iPhone
13289,15,12,65.99251532,127,259,0,5161.675168,946.707872,2,0,iPhone
13318,83,68,203.4762876,2929,412,0,3569.582421,725.406008,1,1,Android
13331,24,20,40.54478255,2333,0,66,1930.358933,1001.397106,5,1,iPhone
13335,96,78,98.73738257,296,0,138,2734.254118,1632.835957,15,10,Android
13341,18,15,85.75859229,671,307,84,3763.849702,714.2017789,30,27,Android
13364,37,29,252.7520988,1639,245,0,5141.62946,2205.685382,6,5,iPhone
13370,22,19,309.7786388,725,97,0,823.5690048,582.9297229,8,6,iPhone
13411,16,16,74.35445965,2700,109,7,4689.512831,1238.079434,19,18,iPhone
13416,167,134,236.1792267,1353,102,37,3281.568192,2436.49469,18,10,iPhone
13421,142,114,289.4392225,2246,5,51,5827.327884,2617.711655,14,10,iPhone
13446,52,44,90.84767071,536,0,62,7209.524506,5820.82647,12,8,Android
13451,169,138,190.9031325,3349,1,27,4695.889964,1251.574796,4,4,Android
13476,100,80,197.673628,1101,41,0,6479.197799,2797.834239,13,8,Android
13477,34,29,102.010517,2414,32,51,4136.031819,737.6649961,29,25,iPhone
13483,70,70,218.9142248,1794,247,38,7524.440424,1676.336697,12,12,iPhone
13501,56,46,69.53422854,1119,7,0,2127.120812,1561.777143,22,18,Android
13505,131,105,139.2342437,819,0,34,5144.643625,2458.612703,29,28,iPhone
13638,146,117,236.3848317,241,130,105,5031.636437,743.5846841,22,21,iPhone
13664,6,5,77.07903237,876,312,0,1670.529391,1066.141414,22,16,iPhone
13676,122,102,312.1843465,1276,0,0,661.5054141,221.5306501,23,16,iPhone
13679,82,66,280.5926426,1004,90,110,2405.693427,2003.590588,10,10,Android
13680,21,21,160.288871,2294,0,90,3505.159578,269.1505994,17,10,iPhone
13715,31,31,32.11804261,889,109,0,7220.510895,5043.016217,8,4,iPhone
13721,68,55,82.80316034,2177,319,0,2033.453339,926.3068342,13,12,iPhone
13765,47,47,161.0523495,2000,35,0,2319.747223,1293.298826,24,20,Android
13829,92,73,201.12743,800,39,0,4342.586432,2857.379224,17,12,iPhone
13901,196,157,259.838368,2812,0,0,2525.129153,1802.18793,7,3,Android
13975,101,81,187.2033424,1961,0,30,4346.00559,1404.958176,13,6,iPhone
13977,110,89,375.5633738,390,30,54,2059.074116,1562.207555,14,13,Android
14006,27,22,54.70683366,1400,191,15,6381.241539,594.303763,6,3,Android
14014,33,33,83.04786328,3246,13,139,10514.58766,3921.541279,21,17,Android
14145,82,68,108.2158057,418,26,7,4466.512587,2615.775948,22,16,iPhone
14212,60,49,379.7854212,1400,4,72,3035.087906,2037.0135,10,10,iPhone
14221,51,46,375.2553191,2317,229,0,4870.678422,2202.966999,25,15,Android
14224,25,21,331.0350972,2543,0,10,4592.799498,944.5739792,30,21,iPhone
14231,58,47,61.70677312,2101,52,0,1655.825196,1105.691223,31,20,iPhone
14232,75,60,177.1725297,1503,0,33,4307.938449,3300.407098,11,11,Android
14245,55,46,130.5466076,1740,209,0,2092.14246,1701.926371,24,24,iPhone
14259,11,11,30.42355724,2573,0,6,2970.341415,970.4239689,4,0,iPhone
14261,346,286,366.5508175,2825,164,0,3067.938805,477.8185866,29,19,iPhone
14268,25,20,172.0890597,60,0,19,1447.816881,1101.059441,16,15,Android
14270,174,162,234.0212751,137,0,0,1039.957792,481.5278275,3,0,Android
14302,46,37,310.7165421,404,85,0,4676.979512,1919.079495,16,14,Android
14308,32,25,67.11055303,994,112,72,1133.100893,627.1422236,1,1,Android
14329,130,130,198.1912609,2627,66,19,1899.495433,599.3153696,17,14,iPhone
14357,67,57,107.07129,2927,208,0,4581.030635,1744.18221,0,0,Android
14481,15,13,167.976535,2936,17,4,4266.993933,2922.170001,26,24,Android
14487,13,13,24.85792718,1669,0,31,2884.876233,2273.356049,28,19,Android
14497,19,19,380.6183726,1113,295,0,2800.125209,1214.514573,22,16,iPhone
14515,50,40,67.90274206,3113,63,0,7245.519892,550.4144381,26,17,Android
14522,121,98,343.6474988,2422,450,2,2294.749367,465.3927789,4,3,Android
14542,178,146,300.1177144,3402,0,61,6060.33986,1293.642212,20,12,iPhone
14551,52,52,133.9591434,409,12,0,5197.334311,3378.426263,2,0,Android
14560,107,89,287.2175072,2210,244,0,2003.159944,759.1246791,6,6,iPhone
14565,17,17,164.871787,2561,273,0,5099.864788,3449.305767,20,20,iPhone
14573,37,30,99.41554289,3044,78,113,1397.144722,798.7438648,14,9,Android
14595,19,16,208.4015936,2832,40,0,7692.120343,4781.852844,17,11,Android
14602,172,172,226.8133136,576,208,0,2145.656353,1448.904804,30,22,iPhone
14631,14,12,60.95147722,189,142,38,5141.032593,1738.289676,13,8,iPhone
14651,69,58,240.0627256,2353,7,39,9793.341835,5392.970293,8,3,iPhone
14676,106,106,170.6551793,281,50,0,3267.695633,867.2713343,5,4,iPhone
14690,16,14,56.39718662,1601,183,10,5179.363987,1992.695287,19,19,iPhone
14700,5,5,30.81442017,3235,3,99,5639.909807,3019.328977,22,17,iPhone
14707,96,77,201.7631751,1888,6,3,6790.668025,2745.390424,21,13,iPhone
14719,103,103,122.8830108,2074,109,14,3966.845788,3121.077111,25,16,Android
14758,23,19,48.31959179,2155,79,19,449.221684,166.6121523,10,8,iPhone
14768,58,52,119.0063574,2833,96,53,1713.734121,1071.852565,11,7,Android
14785,58,47,213.3996628,1619,2,0,3784.317588,1902.944787,10,10,iPhone
14803,374,299,640.5854402,260,27,0,4003.057813,2010.275763,4,2,iPhone
14843,81,65,262.4511222,483,108,0,3496.917052,2488.866014,19,18,iPhone
14851,8,6,243.5014021,798,0,0,1581.686981,531.2435572,12,5,iPhone
14873,6,6,71.42283745,3161,174,33,2565.079963,1892.025127,10,4,iPhone
14900,140,116,232.2755713,2502,6,0,2784.905448,1430.035887,10,4,iPhone
14903,15,15,112.2723647,1901,41,33,4820.052948,2987.498434,7,6,Android
14909,111,89,156.9204555,1922,292,0,1593.342628,796.207617,1,1,iPhone
14931,27,23,130.4588421,2152,0,0,2745.719618,2035.743475,16,10,iPhone
14941,191,160,485.3282041,1287,25,0,6468.181924,3466.104564,14,14,iPhone
14943,48,38,96.79701716,555,0,6,8266.129497,5902.351711,19,19,iPhone
14945,34,29,134.4166038,1643,268,2,4554.007843,1579.211201,18,17,Android
14972,220,181,256.2121662,1718,360,23,5586.913459,4104.440202,19,18,iPhone
14993,67,57,97.57007436,1131,207,102,2267.052913,318.1206345,27,26,iPhone
